how many political parties are present?,"At home he said many people were turning to the Liberal Democrats as they became disheartened with the politics of the other two main parties.The general election would be a three-party struggle, as the Conservative party ""fades away"" as a national force and the Liberal Democrats challenge Labour "
what good the parties has done to people?,"Good to see the parties of the right splintering in the way the parties of the left have always done. Let's hope Kilroy-Silk, UKIP and the euro-sceptic wing of the Tory Party all fade further into obscurity so we can have some truth in the debate about Europe. We benefit enormously from our membersh"
what are the political parties present?,"""My concern is that, whilst the Labour Party and the Conservative Party will take a constructive approach to the debate, right-wing political parties, picking up on statements like `burden to Britain' will exploit this and create a lot of fear and uncertainty"". It is precisely that concern - and the"
who is mike hobday,"Mike Hobday, of the League Against Cruel Sports, said: ""There is no confusion, it is a matter of simple common sense. ""If Mr Bradshaw is setting his dogs to chase wild animals then he is hunting them and that will be a criminal offence. ""If all the dogs are doing is barking at the deer, then nobody can define that as hunting."""
what makes the country to be developed,"...of poverty, particularly in Africa but right through the developing countries."" His proposals were effectively a new ""Marshall Plan"" for the world, including an international finance facility, which would issue bonds in an attempt to double global aid cash to $100bn a year..."
what are the disadvantages of democracy,"I don't mind if it is. In our degraded democracy, elections are the one time when elites really have to worry about doing something concrete for the majority. My only complaint is the paltry figures being discussed. If my maths is right, a 35 hour week at £5.05 gives you an annual income just over £9,000 and raising it to £6 leaves it under £11,000. The unions should be putting the Government under pressure for much more. Businesses complaining might like to take a look at corporate pay, shareholder payouts and profits before wondering if paying a living wage is really a controlling factor in the viability of their firm."
what are the labor targets?,...Labour targets 'hardcore truants'.A fresh crackdown on persistent truants in England has been launched by Education Secretary Ruth Kelly.
why the Blair rejects Iraq advice calls?,"Blair rejects Iraq advice calls.Tony Blair has rejected calls for the publication of advice on the legality of the Iraq war amid growing calls for an investigation.The prime minister told his monthly press conference the matter had been dealt with by the Attorney General. Earlier, Conservative MP"
,
,
